{
  "portraitScale": 2.1,
  "portraitTranslation": [-1.11, 2.43, 0],
  "profileScale": 0.54,
  "profileTranslation": [0, 0.96, -10],
  "rootBone": "charizardwinter",
  "firstPersonCameraOffset": {
    "seat_1": [0, 0.45, 0]
  },
  "thirdPersonCameraOffset": {
    "seat_1": [0, 0.25, 0.5],
    "seat_1_reverse": [0, 0.45, 0]
  },
  "thirdPersonCameraOffsetNoViewBobbing": {
    "seat_1": [0, 0.45, 0],
    "seat_1_reverse": [0, 0.45, 0]
  },
  "animations": {
    "cry": "q.bedrock_stateful('charizardwinter', 'cry')",
    "recoil": "q.bedrock_stateful('charizardwinter', 'recoil')",
    "physical": "q.bedrock_primary('charizardwinter', 'physical', q.curve('symmetrical_wide'))",
    "special": "q.bedrock_primary('charizardwinter', 'special', q.curve('symmetrical_wide'))",
    "air_physical": "q.bedrock_primary('charizardwinter', 'air_physical', q.curve('symmetrical_wide'))",
    "air_special": "q.bedrock_primary('charizardwinter', 'air_special', q.curve('symmetrical_wide'))",
    "status": "q.bedrock_primary('charizardwinter', 'status', q.curve('symmetrical_wide'))"
  },
  "poses": {
    "portrait": {
      "poseTypes": ["PORTRAIT", "PROFILE"],
      "isBattle": false,
      "isTouchingWater": false,
      "animations": [
        "q.look('head_ai')",
        "q.bedrock('charizardwinter', 'ground_idle')",
        {
          "condition": "q.is_holding_item",
          "animation": "q.bedrock('charizardwinter', 'hold_item')"
        }
      ],
      "quirks": ["q.bedrock_quirk('charizardwinter', 'blink')"]
    },
    "battle-standing": {
      "poseTypes": ["STAND"],
      "isBattle": true,
      "isTouchingWater": false,
      "animations": [
        "q.look('head_ai')",
        "q.bedrock('charizardwinter', 'battle_idle')",
        {
          "condition": "q.is_holding_item",
          "animation": "q.bedrock('charizardwinter', 'hold_item')"
        }
      ],
      "quirks": [
        "q.bedrock_quirk('charizardwinter', 'blink')",
        "q.bedrock_quirk('charizardwinter', 'battle_quirk')"
      ],
      "namedAnimations": {
        "cry": "q.bedrock_primary('charizardwinter', 'battle_cry', q.curve('symmetrical_wide'))"
      }
    },
    "battle-flying": {
      "poseTypes": ["HOVER"],
      "isBattle": true,
      "animations": [
        "q.look('head_ai')",
        "q.bedrock('charizardwinter', 'air_idle')",
        {
          "condition": "q.is_holding_item",
          "animation": "q.bedrock('charizardwinter', 'hold_item')"
        }
      ],
      "quirks": [
        "q.bedrock_quirk('charizardwinter', 'blink')"
      ],
      "namedAnimations": {
        "cry": "q.bedrock_primary('charizardwinter', 'air_battle_cry', q.curve('symmetrical_wide'))",
        "recoil": "q.bedrock_stateful('charizardwinter', 'air_recoil')",
        "physical": "q.bedrock_primary('charizardwinter', 'air_physical', q.curve('symmetrical'))",
        "special": "q.bedrock_primary('charizardwinter', 'air_special', q.curve('symmetrical_wide'))",
        "status": "q.bedrock_primary('charizardwinter', 'air_status', q.curve('symmetrical_wide'))"
      }
    },
    "jump": {
      "poseTypes": ["STAND", "WALK"],
      "condition": "q.in_air",
      "animations": [
        "q.look('head_ai')",
        "q.bedrock('charizardwinter', 'ride_jump')",
        {
          "condition": "q.is_holding_item",
          "animation": "q.bedrock('charizardwinter', 'hold_item')"
        }
      ],
      "quirks": [
        "q.bedrock_quirk('charizardwinter', 'blink')"
      ],
      "transformTicks": 5,
      "transformToTicks": 5
    },
    "running": {
      "poseTypes": ["WALK", "SWIM"],
      "isBattle": false,
      "isTouchingWater": false,
      "condition": "!q.in_air && q.is_sprinting",
      "animations": [
        "q.look('head_ai')",
        "q.bedrock('charizardwinter', 'ground_run')",
        {
          "condition": "q.is_ridden",
          "animation": "q.bedrock('charizardwinter', 'ride_ground_run')"
        },
        {
          "condition": "q.is_holding_item",
          "animation": "q.bedrock('charizardwinter', 'hold_item')"
        }
      ],
      "quirks": [
        "q.bedrock_quirk('charizardwinter', 'blink')"
      ]
    },
    "standing": {
      "poseTypes": ["STAND", "NONE"],
      "isBattle": false,
      "isTouchingWater": false,
      "condition": "!q.in_air",
      "animations": [
        "q.look('head_ai')",
        "q.bedrock('charizardwinter', 'ground_idle')",
        {
          "condition": "q.is_holding_item",
          "animation": "q.bedrock('charizardwinter', 'hold_item')"
        }
      ],
      "quirks": [
        "q.bedrock_quirk('charizardwinter', 'blink')",
        "q.bedrock_quirk('charizardwinter', 'ground_quirk')",
        "q.bedrock_primary_quirk('charizardwinter', 'idle_quirk', 20, 40, 1, q.curve('symmetrical'))"
      ]
    },
    "walking": {
      "poseTypes": ["WALK", "SWIM"],
      "isBattle": false,
      "isTouchingWater": false,
      "condition": "!q.in_air && !q.is_sprinting",
      "animations": [
        "q.look('head_ai')",
        "q.bedrock('charizardwinter', 'ground_walk')",
        {
          "condition": "q.is_ridden",
          "animation": "q.bedrock('charizardwinter', 'ride_ground_run')"
        },
        {
          "condition": "q.is_holding_item",
          "animation": "q.bedrock('charizardwinter', 'hold_item')"
        }
      ],
      "quirks": [
        "q.bedrock_quirk('charizardwinter', 'blink')"
      ]
    },
    "hover": {
      "poseTypes": ["HOVER"],
      "isBattle": false,
      "animations": [
        "q.look('head_ai')",
        "q.bedrock('charizardwinter', 'air_idle')",
        {
          "condition": "q.is_holding_item",
          "animation": "q.bedrock('charizardwinter', 'hold_item')"
        }
      ],
      "quirks": [
        "q.bedrock_quirk('charizardwinter', 'blink')"
      ]
    },
    "fly": {
      "poseTypes": ["FLY"],
      "isBattle": false,
      "condition": "!q.is_gliding",
      "animations": [
        "q.look('head_ai')",
        "q.bedrock('charizardwinter', 'air_fly')",
        {
          "condition": "q.is_ridden",
          "animation": "q.bedrock('charizardwinter', 'ride_air_fly')"
        },
        {
          "condition": "q.is_holding_item",
          "animation": "q.bedrock('charizardwinter', 'hold_item')"
        }
      ],
      "quirks": [
        "q.bedrock_quirk('charizardwinter', 'blink')",
        "q.bedrock_quirk('charizardwinter', 'air_fly_quirk')"
      ]
    },
    "glide": {
      "poseTypes": ["FLY"],
      "isBattle": false,
      "condition": "q.is_gliding",
      "animations": [
        "q.look('head_ai')",
        "q.bedrock('charizardwinter', 'air_glide')",
        "q.bedrock('charizardwinter', 'ride_air_dive')",
        {
          "condition": "q.is_ridden",
          "animation": "q.bedrock('charizardwinter', 'ride_air_fly')"
        },
        {
          "condition": "q.is_holding_item",
          "animation": "q.bedrock('charizardwinter', 'hold_item')"
        }
      ],
      "quirks": [
        "q.bedrock_quirk('charizardwinter', 'blink')"
      ]
    },
    "surface_idle": {
      "poseTypes": ["STAND", "FLOAT"],
      "isTouchingWater": true,
      "isUnderWater": false,
      "animations": [
        "q.look('head_ai')",
        "q.bedrock('charizardwinter', 'surfacewater_idle')",
        {
          "condition": "q.is_holding_item",
          "animation": "q.bedrock('charizardwinter', 'hold_item')"
        }
      ],
      "quirks": [
        "q.bedrock_quirk('charizardwinter', 'blink')"
      ],
      "transformedParts": [
        {
          "part": "body",
          "position": [0, 22, 0]
        }
      ]
    },
    "surface_swim": {
      "poseTypes": ["WALK", "SWIM"],
      "isTouchingWater": true,
      "isUnderWater": false,
      "animations": [
        "q.look('head_ai')",
        "q.bedrock('charizardwinter', 'surfacewater_swim')",
        {
          "condition": "q.is_holding_item",
          "animation": "q.bedrock('charizardwinter', 'hold_item')"
        }
      ],
      "quirks": [
        "q.bedrock_quirk('charizardwinter', 'blink')"
      ],
      "transformedParts": [
        {
          "part": "body",
          "position": [0, 22, 0]
        }
      ]
    },
    "sleep": {
      "poseTypes": ["SLEEP"],
      "namedAnimations": {
        "cry": "q.bedrock_stateful('charizardwinter', 'cry')"
      },
      "animations": [
        "q.bedrock('charizardwinter', 'sleep')",
        {
          "condition": "q.is_holding_item",
          "animation": "q.bedrock('charizardwinter', 'hold_item')"
        }
      ],
      "quirks": [
        "q.bedrock_quirk('charizardwinter', 'sleep_quirk')"
      ]
    }
  }
}
