{
  "portraitScale": 1.94,
  "portraitTranslation": [-0.01, 0.06, 0],
  "profileScale": 0.73,
  "profileTranslation": [0, 0.66, 0],
  "rootBone": "charmanderwinter",
  "animations": {
    "cry": "q.bedrock_stateful('charmanderwinter', 'cry')",
    "special": "q.bedrock_primary('charmanderwinter', 'special', q.curve('symmetrical_wide'))"
  },
  "poses": {
    "portrait": {
      "poseTypes": ["PORTRAIT", "PROFILE"],
      "isBattle": false,
      "isTouchingWater": false,
      "animations": [
        "q.look('head')",
        "q.bedrock('charmanderwinter', 'ground_idle')"
      ],
      "quirks": ["q.bedrock_quirk('charmanderwinter', 'blink')"]
    },
    "battle-standing": {
      "poseTypes": ["STAND"],
      "isBattle": true,
      "animations": [
        "q.look('head')",
        "q.bedrock('charmanderwinter', 'battle_idle')"
      ],
      "quirks": ["q.bedrock_quirk('charmanderwinter', 'blink')"]
    },
    "standing": {
      "poseTypes": ["STAND", "NONE", "FLOAT"],
      "isBattle": false,
      "isTouchingWater": false,
      "animations": [
        "q.look('head')",
        "q.bedrock('charmanderwinter', 'ground_idle')"
      ],
      "quirks": ["q.bedrock_quirk('charmanderwinter', 'blink')"]
    },
    "walking": {
      "poseTypes": ["WALK", "SWIM"],
      "isTouchingWater": false,
      "animations": [
        "q.look('head')",
        "q.bedrock('charmanderwinter', 'ground_walk')"
      ],
      "quirks": ["q.bedrock_quirk('charmanderwinter', 'blink')"]
    },
    "sleep": {
      "poseTypes": ["SLEEP"],
      "isTouchingWater": false,
      "animations": ["q.bedrock('charmanderwinter', 'sleep')"]
    },
    "surface_idle": {
      "poseTypes": ["STAND"],
      "isTouchingWater": true,
      "isUnderWater": false,
      "animations": [
        "q.look('head')",
        "q.bedrock('charmanderwinter', 'surfacewater_idle')"
      ],
      "quirks": ["q.bedrock_quirk('charmanderwinter', 'blink')"],
      "transformedParts": [
        {
          "part": "body",
          "position": [0, 3, 0]
        }
      ]
    },
    "surface_swim": {
      "poseTypes": ["WALK"],
      "isTouchingWater": true,
      "isUnderWater": false,
      "animations": [
        "q.look('head')",
        "q.bedrock('charmanderwinter', 'surfacewater_swim')"
      ],
      "quirks": ["q.bedrock_quirk('charmanderwinter', 'blink')"],
      "transformedParts": [
        {
          "part": "body",
          "position": [0, 3, 0]
        }
      ]
    }
  }
}
