{
  "species": "cobblemon:charizardwinter",
  "order": 0,
  "variations": [
    {
      "aspects": [],
      "poser": "cobblemon:charizardwinter",
      "model": "cobblemon:charizardwinter.geo",
      "texture": "cobblemon:textures/pokemon/charizardwinter/charizardwinter.png",
      "layers": [
        {
          "name": "flame",
          "texture": {
            "frames": [
              "cobblemon:textures/pokemon/charizardwinter/charizardwinter_flame1.png",
              "cobblemon:textures/pokemon/charizardwinter/charizardwinter_flame2.png",
              "cobblemon:textures/pokemon/charizardwinter/charizardwinter_flame3.png",
              "cobblemon:textures/pokemon/charizardwinter/charizardwinter_flame4.png"
            ],
            "fps": 10,
            "loop": true
          },
          "emissive": true,
          "translucent": true
        }
      ]
    },
    {
      "aspects": ["shiny"],
      "texture": "cobblemon:textures/pokemon/charizardwinter/charizardwinter_shiny.png",
      "layers": [
        {
          "name": "flame",
          "texture": {
            "frames": [
              "cobblemon:textures/pokemon/charizardwinter/charizardwinter_shiny_flame1.png",
              "cobblemon:textures/pokemon/charizardwinter/charizardwinter_shiny_flame2.png",
              "cobblemon:textures/pokemon/charizardwinter/charizardwinter_shiny_flame3.png",
              "cobblemon:textures/pokemon/charizardwinter/charizardwinter_shiny_flame4.png"
            ],
            "fps": 10,
            "loop": true
          },
          "emissive": true,
          "translucent": true
        }
      ]
    }
  ]
}
