{
  "species": "cobblemon:charmeleonwinter",
  "order": 0,
  "variations": [
    {
      "aspects": [],
      "poser": "cobblemon:charmeleonwinter",
      "model": "cobblemon:charmeleonwinter.geo.json",
      "texture": "cobblemon:textures/pokemon/charmeleonwinter/charmeleonwinter.png",
      "layers": [
        {
          "name": "flame",
          "texture": {
            "frames": [
              "cobblemon:textures/pokemon/charmeleonwinter/charmeleonwinter_flame1.png",
              "cobblemon:textures/pokemon/charmeleonwinter/charmeleonwinter_flame2.png",
              "cobblemon:textures/pokemon/charmeleonwinter/charmeleonwinter_flame3.png",
              "cobblemon:textures/pokemon/charmeleonwinter/charmeleonwinter_flame4.png"
            ],
            "fps": 10,
            "loop": true
          },
          "emissive": true,
          "translucent": true
        }
      ]
    },
    {
      "aspects": ["shiny"],
      "texture": "cobblemon:textures/pokemon/charmeleonwinter/charmeleonwinter_shiny.png",
      "layers": [
        {
          "name": "flame",
          "texture": {
            "frames": [
              "cobblemon:textures/pokemon/charmeleonwinter/charmeleonwinter_shiny_flame1.png",
              "cobblemon:textures/pokemon/charmeleonwinter/charmeleonwinter_shiny_flame2.png",
              "cobblemon:textures/pokemon/charmeleonwinter/charmeleonwinter_shiny_flame3.png",
              "cobblemon:textures/pokemon/charmeleonwinter/charmeleonwinter_shiny_flame4.png"
            ],
            "fps": 10,
            "loop": true
          },
          "emissive": true,
          "translucent": true
        }
      ]
    }
  ]
}
