{
  "implemented": true,
  "nationalPokedexNumber": 9002,
  "name": "Charizard (Winter)",
  "primaryType": "fire",
  "secondaryType": "ice",
  "maleRatio": 0.875,
  "height": 17,
  "weight": 905,
  "pokedex": [
    "cobblemon.species.charizardwinter.desc"
  ],
  "labels": [
    "custom"
  ],
  "aspects": [],
  "abilities": [
   "flashfire",
   "h:refrigerate"
  ],
  "eggGroups": [
    "undiscovered"
  ],
 "baseStats": {
    "hp": 84,
    "attack": 113,
    "defence": 79,
    "special_attack": 84,
    "special_defence": 74,
    "speed": 106
  },
  "evYield": {
    "hp": 0,
    "attack": 0,
    "defence": 0,
    "special_attack": 3,
    "special_defence": 0,
    "speed": 0
  },
  "baseExperienceYield": 267,
  "experienceGroup": "medium_slow",
  "catchRate": 45,
  "eggCycles": 20,
  "baseFriendship": 50,
  "baseScale": 1,
  "hitbox": {
    "height": 2.65,
    "fixed": false,
    "width": 1.5
  },
  "riding": {
    "behaviours": {
      "AIR": {
        "key": "cobblemon:air/bird",
        "rideSounds": [
          {
            "soundLocation": "cobblemon:ride.loop.wind"
          },
          {
            "muffleEnabled": true,
            "pitchExpr": "math.max(1.0 ,0.2 + math.pow(math.min(q.ride_velocity() / 1.5, 1.0),2))",
            "playForNonPassengers": true,
            "soundLocation": "cobblemon:ride.loop.leather",
            "volumeExpr": "math.pow(math.min(q.ride_velocity() / 1.5, 1.0),2)"
          }
        ],
        "stats": {
          "ACCELERATION": "30-65",
          "JUMP": "10-40",
          "SKILL": "55-85",
          "SPEED": "30-65",
          "STAMINA": "10-40"
        }
      },
      "LAND": {
        "key": "cobblemon:land/horse",
        "rideSounds": [],
        "stats": {
          "ACCELERATION": "30-65",
          "JUMP": "0-10",
          "SKILL": "10-40",
          "SPEED": "10-40",
          "STAMINA": "30-65"
        }
      }
    },
    "seats": [
      {
        "offset": {
          "x": 0.0,
          "y": 0.0,
          "z": 0.0
        },
        "poseOffsets": [
          {
            "offset": {
              "x": 0.0047415113,
              "y": -1.6152971,
              "z": 0.35461712
            },
            "poseTypes": [
              "STAND"
            ]
          },
          {
            "offset": {
              "x": -0.003806442,
              "y": -1.7203209,
              "z": 0.12983066
            },
            "poseTypes": [
              "WALK"
            ]
          },
          {
            "offset": {
              "x": 0.039005388,
              "y": -2.4511793,
              "z": 0.10381147
            },
            "poseTypes": [
              "HOVER"
            ]
          },
          {
            "offset": {
              "x": 0.058042027,
              "y": -2.1422236,
              "z": -0.52422106
            },
            "poseTypes": [
              "FLY"
            ]
          },
          {
            "offset": {
              "x": 0.0,
              "y": -0.7674751,
              "z": -0.27694723
            },
            "poseTypes": [
              "FLOAT"
            ]
          },
          {
            "offset": {
              "x": -0.003806442,
              "y": -1.7203209,
              "z": 0.12983066
            },
            "poseTypes": [
              "SWIM"
            ]
          },
          {
            "offset": {
              "x": 0.0047415113,
              "y": -1.6152971,
              "z": 0.35461712
            },
            "poseTypes": [
              "GLIDE"
            ]
          }
        ]
      }
    ]
  },
  "behaviour": {
    "moving": {
      "walk": {
        "walkSpeed": 0.175
      },
      "swim": {
        "canSwimInLava": true
      }
    },
    "resting": {
      "canSleep": true,
      "light": "0-4"
    },
    "herd": {
      "maxSize": "3"
    }
  },
  "drops": {
    "amount": 2,
    "entries": [
     {
        "item": "cobblemon:icy_rock",
        "quantityRange": "0-1",
        "percentage": 25
      },
      {
        "item": "cobblemon:heat_rock",
        "quantityRange": "0-1",
        "percentage": 25
      }
    ]
  },
 "moves": [
    "1:scratch",
    "1:growl",
    "4:icywind",
    "6:smokescreen",
    "8:haze",
    "10:ember",
    "12:dragonbreath",
    "14:icefang",
    "16:firefang",
    "20:slash",
    "22:iceshard",
    "24:icebeam",
    "26:firepunch",
    "28:flameburst",
    "30:icespinner",
    "32:flamethrower",
    "36:inferno",
    "38:icepunch",
    "40:flareblitz",
    "tm:ancientpower",
    "tm:bellydrum",
    "tm:bite",
    "tm:counter",
    "tm:dragonrage",
    "tm:dragonrush",
    "tm:irontail",
    "tm:metalclaw",
    "tm:wingattack",
    "tm:beatup",
    "tm:bodyslam",
    "tm:breakingswipe",
    "tm:brickbreak",
    "tm:crunch",
    "tm:cut",
    "tm:dig",
    "tm:dragonclaw",
    "tm:dragondance",
    "tm:dragonpulse",
    "tm:dragontail",
    "tm:echoedvoice",
    "tm:endure",
    "tm:facade",
    "tm:falseswipe",
    "tm:fireblast",
    "tm:firefang",
    "tm:firepledge",
    "tm:firepunch",
    "tm:firespin",
    "tm:flamecharge",
    "tm:flamethrower",
    "tm:flareblitz",
    "tm:fling",
    "tm:focusblast",
    "tm:focuspunch",
    "tm:furycutter",
    "tm:headbutt",
    "tm:heatwave",
    "tm:helpinghand",
    "tm:honeclaws",
    "tm:incinerate",
    "tm:irontail",
    "tm:megakick",
    "tm:megapunch",
    "tm:metalclaw",
    "tm:outrage",
    "tm:overheat",
    "tm:poweruppunch",
    "tm:protect",
    "tm:rest",
    "tm:roar",
    "tm:rockslide",
    "tm:rocksmash",
    "tm:rocktomb",
    "tm:scaryface",
    "tm:shadowclaw",
    "tm:sleeptalk",
    "tm:strength",
    "tm:substitute",
    "tm:sunnyday",
    "tm:swift",
    "tm:swordsdance",
    "tm:takedown",
    "tm:temperflare",
    "tm:terablast",
    "tm:thunderpunch",
    "tm:weatherball",
    "tm:willowisp",
    "tm:workup",
    "tutor:ancientpower",
    "tutor:blastburn",
    "tutor:block",
    "tutor:dragonpulse",
    "tutor:falseswipe",
    "tutor:firefang",
    "tutor:firepledge",
    "tutor:firepunch",
    "tutor:flamethrower",
    "tutor:focuspunch",
    "tutor:furycutter",
    "tutor:heatwave",
    "tutor:helpinghand",
    "tutor:irontail",
    "tutor:outrage",
    "tutor:rest",
    "tutor:rockslide",
    "tutor:rocksmash",
    "tutor:shadowclaw",
    "tutor:sleeptalk",
    "tutor:swift",
    "tutor:thunderpunch",
    "legacy:acrobatics",
    "legacy:aerialace",
    "legacy:aircutter",
    "legacy:attract",
    "legacy:bide",
    "legacy:captivate",
    "legacy:confide",
    "legacy:curse",
    "legacy:defensecurl",
    "legacy:doubleedge",
    "legacy:doubleteam",
    "legacy:dynamicpunch",
    "legacy:frustration",
    "legacy:furyswipes",
    "legacy:hiddenpower",
    "legacy:leer",
    "legacy:mimic",
    "legacy:mudslap",
    "legacy:naturalgift",
    "legacy:rage",
    "legacy:reflect",
    "legacy:return",
    "legacy:round",
    "legacy:secretpower",
    "legacy:seismictoss",
    "legacy:skullbash",
    "legacy:snore",
    "legacy:submission",
    "legacy:swagger",
    "legacy:toxic",
    "special:blastburn",
    "special:block",
    "special:celebrate",
    "special:howl",
    "special:quickattack"
  ],
  "preEvolution": "charmeleonwinter",
  "evolutions": [],
  "forms": [],
  "lightingData": {
    "lightLevel": 6,
    "liquidGlowMode": "LAND"
  }
}